OBJECTID,District ID,State FIPS,CD FIPS,State Abbreviation,Representative Name,Last Name,Political Party,Area in square miles,State Name,Shape__Area,Shape__Length
1,0101,01,01,AL,Jerry Carl,Carl,Republican,5819.5,Alabama,1.42464688486371,20.8608113473116
2,0102,01,02,AL,Barry Moore,Moore,Republican,10524.26,Alabama,2.59339207141375,11.5182887722488
3,0103,01,03,AL,Mike Rogers,Rogers,Republican,8456.48,Alabama,2.11712994410368,10.2839093176505
4,0104,01,04,AL,Robert B. Aderholt,Aderholt,Republican,9056.17,Alabama,2.29345140290161,12.2525797753996
5,0105,01,05,AL,Dale W. Strong,Strong,Republican,3501.97,Alabama,0.89279183474514,6.15890710055294
6,0106,01,06,AL,Gary J. Palmer,Palmer,Republican,3259.79,Alabama,0.817946203842894,8.20520489240898
7,0107,01,07,AL,Terri A. Sewell,Sewell,Democrat,11014.6,Alabama,2.73656841885713,13.3267598592565
8,0200,02,00,AK,Mary Sattler Peltola,Peltola,Democrat,587042.86,Alaska,281.718223356472,557.648162007969
9,0401,04,01,AZ,David Schweikert,Schweikert,Republican,1614.18,Arizona,0.406585307732257,3.75103931153153
10,0402,04,02,AZ,Elijah Crane,Crane,Republican,58490.8,Arizona,14.9842034939677,25.1782893502125
11,0403,04,03,AZ,Ruben Gallego,Gallego,Democrat,206.48,Arizona,0.0518430633001117,1.31133087897024
12,0404,04,04,AZ,Greg Stanton,Stanton,Democrat,179.76,Arizona,0.045115697882693,1.67421840692882
13,0405,04,05,AZ,Andy Biggs,Biggs,Republican,405.76,Arizona,0.101728173532138,2.0543732340299
14,0406,04,06,AZ,Juan Ciscomani,Ciscomani,Republican,13711.3,Arizona,3.40304985493412,13.707596973067
15,0407,04,07,AZ,Raúl M. Grijalva,Grijalva,Democrat,15422.75,Arizona,3.82319621081228,16.9213017848934
16,0408,04,08,AZ,Debbie Lesko,Lesko,Republican,578.79,Arizona,0.145930971673806,2.41624754879204
17,0409,04,09,AZ,Paul A. Gosar,Gosar,Republican,23375.24,Arizona,5.95611965569788,20.3387950818799
18,0501,05,01,AR,Eric A. “Rick” Crawford,Crawford,Republican,20400.87,Arkansas,5.24086090898618,23.7544131148038
19,0502,05,02,AR,J. French Hill,Hill,Republican,5441.31,Arkansas,1.39426367521082,8.2266536579509
20,0503,05,03,AR,Steve Womack,Womack,Republican,4244.97,Arkansas,1.09905894002804,5.63841246414907
21,0504,05,04,AR,Bruce Westerman,Westerman,Republican,23111.08,Arkansas,5.85625710519207,16.7817976517955
22,0601,06,01,CA,Doug LaMalfa,LaMalfa,Republican,27048.32,California,7.47248206147651,20.8560109160815
23,0602,06,02,CA,Jared Huffman,Huffman,Democrat,13112.31,California,3.5891679205838,22.1586971409429
24,0603,06,03,CA,Kevin Kiley,Kiley,Republican,22048.58,California,5.84849543457585,23.8379278021995
25,0604,06,04,CA,Mike Thompson,Thompson,Democrat,3905.94,California,1.04790257917102,9.16271966688812
26,0605,06,05,CA,Tom McClintock,McClintock,Republican,9967.65,California,2.63795711589637,14.2431927275
27,0606,06,06,CA,Ami Bera,Bera,Democrat,254.26,California,0.0681285646110155,1.69780064682871
28,0607,06,07,CA,Doris O. Matsui,Matsui,Democrat,693.56,California,0.185165344896177,3.71441489694958
29,0608,06,08,CA,John Garamendi,Garamendi,Democrat,488.8,California,0.130084379225536,6.19273422637785
30,0609,06,09,CA,Josh Harder,Harder,Democrat,1383.49,California,0.367428625974753,4.43750012747142
31,0610,06,10,CA,Mark DeSaulnier,DeSaulnier,Democrat,555.42,California,0.147342095703152,3.18577701063708
32,0611,06,11,CA,Nancy Pelosi,Pelosi,Democrat,41.96,California,0.0111123812562255,1.13176229675319
33,0612,06,12,CA,Barbara Lee,Lee,Democrat,93.18,California,0.0246844163757487,1.9462147670642
34,0613,06,13,CA,John S. Duarte,Duarte,Republican,6349.25,California,1.6631039097615,9.60102228549488
35,0614,06,14,CA,Eric Swalwell,Swalwell,Democrat,586.96,California,0.155177995210579,2.54155007836632
36,0615,06,15,CA,Kevin Mullin,Mullin,Democrat,111.63,California,0.0294914217629412,2.21354518500885
37,0616,06,16,CA,Anna G. Eshoo,Eshoo,Democrat,533.56,California,0.140527185062638,3.69950658515934
38,0617,06,17,CA,Ro Khanna,Khanna,Democrat,180.75,California,0.0476540276476953,1.79070303694637
39,0618,06,18,CA,Zoe Lofgren,Lofgren,Democrat,4607.87,California,1.20014198477202,9.58642323717664
40,0619,06,19,CA,Jimmy Panetta,Panetta,Democrat,2833.02,California,0.735209119115098,12.3286771657896
41,0620,06,20,CA,Vince Fong,Fong,Republican,9722.56,California,2.51018636533809,18.3020797297622
42,0621,06,21,CA,Jim Costa,Costa,Democrat,893.51,California,0.232935729078235,3.93881408641354
43,0622,06,22,CA,David G. Valadao,Valadao,Republican,4320.69,California,1.1154475418648,6.70529263826019
44,0623,06,23,CA,Jay Obernolte,Obernolte,Republican,17985.42,California,4.59528574590377,11.9584166121276
45,0624,06,24,CA,Salud O. Carbajal,Carbajal,Democrat,4912.3,California,1.25454186751654,11.6769067943858
46,0625,06,25,CA,Raul Ruiz,Ruiz,Democrat,12351.97,California,3.1097688144996,15.7302026454287
47,0626,06,26,CA,Julia Brownley,Brownley,Democrat,1724.96,California,0.438396725119674,4.68324583317411
48,0627,06,27,CA,Mike Garcia,Garcia,Republican,1528.48,California,0.389049496945518,3.70163599336548
49,0628,06,28,CA,Judy Chu,Chu,Democrat,789.68,California,0.20021857059146,4.41181264609362
50,0629,06,29,CA,Tony Cárdenas,Cárdenas,Democrat,129.33,California,0.0327954508300081,1.54604523424455
51,0630,06,30,CA,Adam B. Schiff,Schiff,Democrat,180.08,California,0.0456346492210287,2.02096445373039
52,0631,06,31,CA,Grace F. Napolitano,Napolitano,Democrat,210.97,California,0.0534098828461538,2.55413710719835
53,0632,06,32,CA,Brad Sherman,Sherman,Democrat,297.24,California,0.0752331857611352,2.38544459165304
54,0633,06,33,CA,Pete Aguilar,Aguilar,Democrat,190.23,California,0.048145598930887,1.84963556573919
55,0634,06,34,CA,Jimmy Gomez,Gomez,Democrat,50.05,California,0.0126600861476618,0.891173207518227
56,0635,06,35,CA,Norma J. Torres,Torres,Democrat,177.42,California,0.0448624193013529,1.530255404677
57,0636,06,36,CA,Ted Lieu,Lieu,Democrat,97.35,California,0.0245765909853617,1.94311100935108
58,0637,06,37,CA,Sydney Kamlager-Dove,Kamlager-Dove,Democrat,52.83,California,0.0133548135709134,0.758380919623794
59,0638,06,38,CA,Linda T. Sánchez,Sánchez,Democrat,150.7,California,0.0380749056246259,1.89317250336047
60,0639,06,39,CA,Mark Takano,Takano,Democrat,285.77,California,0.072148425116211,2.16545379058909
61,0640,06,40,CA,Young Kim,Kim,Republican,393.25,California,0.0991105289483585,2.9269470993377
62,0641,06,41,CA,Ken Calvert,Calvert,Republican,1345.69,California,0.339079095667557,8.52802955782113
63,0642,06,42,CA,Robert Garcia,Garcia,Democrat,213.51,California,0.0536254172695863,4.45606741428426
64,0643,06,43,CA,Maxine Waters,Waters,Democrat,72.42,California,0.0182837320332965,1.08669280654277
65,0644,06,44,CA,Nanette Diaz Barragan,Barragan,Democrat,92.26,California,0.0232739041316563,1.99549459179925
66,0645,06,45,CA,Michelle Steel,Steel,Republican,103.97,California,0.0262246320696704,2.06649998312604
67,0646,06,46,CA,J. Luis Correa,Correa,Democrat,74.98,California,0.0189065852734984,1.22118361932926
68,0647,06,47,CA,Katie Porter,Porter,Democrat,173.81,California,0.0437587168237314,2.90286861974726
69,0648,06,48,CA,Darrell Issa,Issa,Republican,3634.41,California,0.909078101125715,7.60941553183119
70,0649,06,49,CA,Mike Levin,Levin,Democrat,497.97,California,0.124921135271734,3.30811130510607
71,0650,06,50,CA,Scott H. Peters,Peters,Democrat,258.68,California,0.0646407988190276,4.23854075662146
72,0651,06,51,CA,Sara Jacobs,Jacobs,Democrat,191.05,California,0.0476566870320312,2.31613099338304
73,0652,06,52,CA,Juan Vargas,Vargas,Democrat,136.78,California,0.0340409125524275,1.51972667644397
74,0801,08,01,CO,Diana DeGette,DeGette,Democrat,155.55,Colorado,0.0423455371505952,2.49592517523494
75,0802,08,02,CO,Joe Neguse,Neguse,Democrat,11539.78,Colorado,3.16574259414301,11.3206444143849
76,0803,08,03,CO,Lauren Boebert,Boebert,Republican,50086.8,Colorado,13.3931962433064,23.7319276366448
77,0804,08,04,CO,Greg Lopez,Lopez,Republican,32295.93,Colorado,8.73991161443109,19.4058216405917
78,0805,08,05,CO,Doug Lamborn,Lamborn,Republican,1474.3,Colorado,0.396034952548689,3.02800747626
79,0806,08,06,CO,Jason A. Crow,Crow,Democrat,310.96,Colorado,0.0845528442378054,3.41545616616398
80,0807,08,07,CO,Brittany Pettersen,Pettersen,Democrat,7200.12,Colorado,1.93550061045084,9.95237104160629
81,0808,08,08,CO,Yadira Caraveo,Caraveo,Democrat,1031.48,Colorado,0.282481675643339,4.19773972502408
82,0901,09,01,CT,John B. Larson,Larson,Democrat,676.17,Connecticut,0.189755159665992,3.83051249280136
83,0902,09,02,CT,Joe Courtney,Courtney,Democrat,2061.3,Connecticut,0.577155882029047,10.2800261524836
84,0903,09,03,CT,Rosa L. DeLauro,DeLauro,Democrat,484.05,Connecticut,0.134939394915364,5.04334298563827
85,0904,09,04,CT,James A. Himes,Himes,Democrat,452.6,Connecticut,0.125869996623351,4.83291784076381
86,0905,09,05,CT,Jahana Hayes,Hayes,Democrat,1280.33,Connecticut,0.358629998294873,4.37804256439312
87,1000,10,00,DE,Lisa Blunt Rochester,Rochester,Democrat,1968.04,Delaware,0.529983292403358,13.0706851661118
88,1198,11,98,DC,Eleanor Holmes Norton,Norton,Democrat,61.68,District of Columbia,0.0165901413604388,1.24656286832111
89,1201,12,01,FL,Matt Gaetz,Gaetz,Republican,3238.4,Florida,0.789811688515329,15.062157096632
90,1202,12,02,FL,Neil P. Dunn,Dunn,Republican,10085.6,Florida,2.45138995387924,31.1395861683785
91,1203,12,03,FL,Kat Cammack,Cammack,Republican,7485.38,Florida,1.80973881678005,14.8466357566482
92,1204,12,04,FL,Aaron Bean,Bean,Republican,1805.83,Florida,0.438699354122718,13.2289231202007
93,1205,12,05,FL,John H. Rutherford,Rutherford,Republican,604.74,Florida,0.146583268117638,8.80819171125816
94,1206,12,06,FL,Michael Waltz,Waltz,Republican,3718.35,Florida,0.894526274744521,10.8483582703909
95,1207,12,07,FL,Cory Mills,Mills,Republican,905.38,Florida,0.216797218648935,8.38121646834162
96,1208,12,08,FL,Bill Posey,Posey,Republican,1691.09,Florida,0.402216990730722,16.1420834638374
97,1209,12,09,FL,Darren Soto,Soto,Democrat,1846.12,Florida,0.439112875857973,3.42598431983039
98,1210,12,10,FL,Maxwell Frost,Frost,Democrat,272.54,Florida,0.0650805803600178,1.50126369452453
99,1211,12,11,FL,Daniel Webster,Webster,Republican,1836.15,Florida,0.438631800931489,3.94424391532351
100,1212,12,12,FL,Gus M. Bilirakis,Bilirakis,Republican,1722.58,Florida,0.41148999263828,20.3060104053878
101,1213,12,13,FL,Anna Paulina Luna,Luna,Republican,233.65,Florida,0.0554940563752098,9.35955306923204
102,1214,12,14,FL,Kathy Castor,Castor,Democrat,283.53,Florida,0.067330692843143,10.4179504710185
103,1215,12,15,FL,Laurel M. Lee,Lee,Republican,674.87,Florida,0.160512023580395,1.88753206927859
104,1216,12,16,FL,Vern Buchanan,Buchanan,Republican,1176.78,Florida,0.278564230015263,8.25119802834806
105,1217,12,17,FL,W. Gregory Steube,Steube,Republican,1507.59,Florida,0.354974225248725,15.5960474198763
106,1218,12,18,FL,C. Scott Franklin,Franklin,Republican,7084.87,Florida,1.67252067973163,7.31256686162314
107,1219,12,19,FL,Byron Donalds,Donalds,Republican,712,Florida,0.166918469779375,26.0597224451066
108,1220,12,20,FL,Sheila Cherfilus-McCormick,Cherfilus-McCormick,Democrat,2396.52,Florida,0.561723275869099,5.05607414302259
109,1221,12,21,FL,Brian J. Mast,Mast,Republican,1623.84,Florida,0.382847564657368,9.55124852997242
110,1222,12,22,FL,Lois Frankel,Frankel,Democrat,253.36,Florida,0.0594430368873873,2.83345648160273
111,1223,12,23,FL,Jared Moskowitz,Moskowitz,Democrat,170.88,Florida,0.0399980045592656,3.14550476307481
112,1224,12,24,FL,Frederica S. Wilson,Wilson,Democrat,102.97,Florida,0.0240259024501484,3.53801331096106
113,1225,12,25,FL,Debbie Wasserman Schultz,Schultz,Democrat,207.22,Florida,0.0484055500439808,1.64529735276143
114,1226,12,26,FL,Mario Diaz-Balart,Diaz-Balart,Republican,2354.4,Florida,0.549996249528476,14.350625769754
115,1227,12,27,FL,Maria Elvira Salazar,Salazar,Republican,123,Florida,0.0286470818789439,2.43069076939315
116,1228,12,28,FL,Carlos A. Gimenez,Gimenez,Republican,2356,Florida,0.547664755461597,33.0187817141738
117,1301,13,01,GA,Earl L. “Buddy” Carter,Carter,Republican,7433.85,Georgia,1.82642942590678,53.3675963277442
118,1302,13,02,GA,Sanford D. Bishop Jr.,Bishop,Democrat,10119.79,Georgia,2.49546141835913,10.8462768185143
119,1303,13,03,GA,A. Drew Ferguson IV,Ferguson,Republican,4249.31,Georgia,1.06432267577793,6.92153357177698
120,1304,13,04,GA,Henry C. “Hank” Johnson Jr.,Johnson,Democrat,417.65,Georgia,0.105205525406291,2.31694047888142
121,1305,13,05,GA,Nikema Williams,Williams,Democrat,250.22,Georgia,0.0630572077620855,1.55932863287919
122,1306,13,06,GA,Richard McCormick,McCormick,Republican,810.6,Georgia,0.20546009882105,3.63828537672956
123,1307,13,07,GA,Lucy McBath,McBath,Democrat,322.7,Georgia,0.0814882774343459,1.65538296024879
124,1308,13,08,GA,Austin Scott,Scott,Republican,11080.48,Georgia,2.7314452252981,12.8330288560439
125,1309,13,09,GA,Andrew S. Clyde,Clyde,Republican,4005.72,Georgia,1.01959011525378,7.30890121168001
126,1310,13,10,GA,Mike Collins,Collins,Republican,5125.9,Georgia,1.29080776496289,7.66275559742136
127,1311,13,11,GA,Barry Loudermilk,Loudermilk,Republican,1168.28,Georgia,0.296111439828564,4.27297229600107
128,1312,13,12,GA,Rick W. Allen,Allen,Republican,9824.65,Georgia,2.44913551701711,10.6022156959676
129,1313,13,13,GA,David Scott,Scott,Democrat,599.05,Georgia,0.150730451275422,3.51457323718042
130,1314,13,14,GA,Marjorie Taylor Greene,Greene,Republican,3293.02,Georgia,0.836943540830589,5.32743182812321
131,1501,15,01,HI,Ed Case,Case,Democrat,203.35,Hawaii,0.0458637371518762,2.80297051748832
132,1502,15,02,HI,Jill N. Tokuda,Tokuda,Democrat,6227.76,Hawaii,1.39430489666188,18.4228369228963
133,1601,16,01,ID,Russ Fulcher,Fulcher,Republican,39905.24,Idaho,11.8762309162503,27.6168883874776
134,1602,16,02,ID,Michael K. Simpson,Simpson,Republican,43663.32,Idaho,12.580412756527,22.5882484771403
135,1701,17,01,IL,Jonathan L. Jackson,Jackson,Democrat,620.21,Illinois,0.172995789033621,4.02335676490851
136,1702,17,02,IL,Robin L. Kelly,Kelly,Democrat,3930.42,Illinois,1.0858648146741,6.94185527169205
137,1703,17,03,IL,Delia C. Ramirez,Ramirez,Democrat,156.82,Illinois,0.0440859195196026,2.66314021446153
138,1704,17,04,IL,Jesús G. “Chuy” García,García,Democrat,96.79,Illinois,0.0271711043008054,1.89045680953968
139,1705,17,05,IL,Mike Quigley,Quigley,Democrat,158,Illinois,0.0445247413272227,2.95078479824339
140,1706,17,06,IL,Sean Casten,Casten,Democrat,229.78,Illinois,0.064408387672529,2.25841892538646
141,1707,17,07,IL,Danny K. Davis,Davis,Democrat,68.47,Illinois,0.0192293566974513,1.66154561692302
142,1708,17,08,IL,Raja Krishnamoorthi,Krishnamoorthi,Democrat,291.32,Illinois,0.0820295111693667,3.10764924727292
143,1709,17,09,IL,Janice D. Schakowsky,Schakowsky,Democrat,172.17,Illinois,0.0485587336365825,2.55694738151893
144,1710,17,10,IL,Bradley Scott Schneider,Schneider,Democrat,535.77,Illinois,0.151623943801951,2.89428732895266
145,1711,17,11,IL,Bill Foster,Foster,Democrat,928.12,Illinois,0.261492495811808,4.82389220845599
146,1712,17,12,IL,Mike Bost,Bost,Republican,14273.64,Illinois,3.80754797711256,13.6510604363153
147,1713,17,13,IL,Nikki Budzinski,Budzinski,Democrat,2300.24,Illinois,0.623303542575059,8.68985861969258
148,1714,17,14,IL,Lauren Underwood,Underwood,Democrat,1998.05,Illinois,0.558623124721407,5.07676098267739
149,1715,17,15,IL,Mary E. Miller,Miller,Republican,16988.02,Illinois,4.62884367191623,21.7618609698205
150,1716,17,16,IL,Darin LaHood,LaHood,Republican,9022.58,Illinois,2.51642008507633,18.5207155151147
151,1717,17,17,IL,Eric Sorensen,Sorensen,Democrat,4567.48,Illinois,1.27122515816723,14.4585236548748
152,1801,18,01,IN,Frank J. Mrvan,Mrvan,Democrat,1112.08,Indiana,0.310455521642552,3.42637168706718
153,1802,18,02,IN,Rudy Yakym III,Yakym ,Republican,4397.75,Indiana,1.22298260334287,5.42249716143852
154,1803,18,03,IN,Jim Banks,Banks,Republican,4445.59,Indiana,1.23319419727068,5.18504444765166
155,1804,18,04,IN,James R. Baird,Baird,Republican,6126.16,Indiana,1.68148549756279,6.98319803411159
156,1805,18,05,IN,Victoria Spartz,Spartz,Republican,2209.32,Indiana,0.605978581823138,3.77718461310225
157,1806,18,06,IN,Greg Pence,Pence,Republican,3298.25,Indiana,0.896922625182469,5.24722122130754
158,1807,18,07,IN,André Carson,Carson,Democrat,282.84,Indiana,0.0770671981736086,1.20430133167082
159,1808,18,08,IN,Larry Bucshon,Bucshon,Republican,8216.95,Indiana,2.20553475286647,11.2713207949163
160,1809,18,09,IN,Erin Houchin,Houchin,Republican,6098.49,Indiana,1.63990825352198,7.75738348109304
161,1901,19,01,IA,Mariannette Miller-Meeks,Miller-Meeks,Republican,10997.61,Iowa,3.06985115322027,11.9416259649343
162,1902,19,02,IA,Ashley Hinson,Hinson,Republican,12985.65,Iowa,3.69425789150546,10.913351051078
163,1903,19,03,IA,Zachary Nunn,Nunn,Republican,10748.59,Iowa,2.98587296605706,10.7909259598552
164,1904,19,04,IA,Randy Feenstra,Feenstra,Republican,21540.89,Iowa,6.10763300731537,17.1554693229129
165,2001,20,01,KS,Tracy Mann,Mann,Republican,49841.34,Kansas,13.3822895602896,22.4992470463923
166,2002,20,02,KS,Jake LaTurner,LaTurner,Republican,15505.57,Kansas,4.14270869386041,18.6767219104696
167,2003,20,03,KS,Sharice Davids,Davids,Democrat,2293.78,Kansas,0.613994746199978,4.05270261853101
168,2004,20,04,KS,Ron Estes,Estes,Republican,14637.51,Kansas,3.86573222422066,10.7675637838796
169,2101,21,01,KY,James Comer,Comer,Republican,11957.06,Kentucky,3.13920084498022,21.0663426174564
170,2102,21,02,KY,Brett Guthrie,Guthrie,Republican,7445.92,Kentucky,1.96428996421469,10.544433703807
171,2103,21,03,KY,Morgan McGarvey,McGarvey,Democrat,323.09,Kentucky,0.0860530178413228,1.60789584436433
172,2104,21,04,KY,Thomas Massie,Massie,Republican,4967.81,Kentucky,1.32926128877034,10.6995495366261
173,2105,21,05,KY,Harold Rogers,Rogers,Republican,11880.49,Kentucky,3.13095003656395,12.1160850378354
174,2106,21,06,KY,Andy Barr,Barr,Republican,3831.55,Kentucky,1.01790082811522,7.18741155885572
175,2201,22,01,LA,Steve Scalise,Scalise,Republican,4249.94,Louisiana,1.02677775478196,77.2320161655188
176,2202,22,02,LA,Troy A. Carter,Carter,Democrat,1378.15,Louisiana,0.333885421558534,14.3043002378577
177,2203,22,03,LA,Clay Higgins,Higgins,Republican,7023.04,Louisiana,1.7012691921077,37.0427068562048
178,2204,22,04,LA,Mike Johnson,Johnson,Republican,13666.32,Louisiana,3.3693457037009,16.6545306449252
179,2205,22,05,LA,Julia Letlow,Letlow,Republican,15196.74,Louisiana,3.74610251042441,19.8204276551559
180,2206,22,06,LA,Garret Graves,Graves,Republican,3820.76,Louisiana,0.925671008298195,25.6075549334791
181,2301,23,01,ME,Chellie Pingree,Pingree,Democrat,3459.88,Maine,1.00361861140686,43.9623213400991
182,2302,23,02,ME,Jared F. Golden,Golden,Democrat,29005.88,Maine,8.65780275844372,53.9333329177524
183,2401,24,01,MD,Andy Harris,Harris,Republican,3937.43,Maryland,1.05805672756355,64.2260509647756
184,2402,24,02,MD,C. A. Dutch Ruppersberger,Ruppersberger,Democrat,823.57,Maryland,0.223441709939834,5.45275968333444
185,2403,24,03,MD,John P. Sarbanes,Sarbanes,Democrat,504.49,Maryland,0.136243038460179,7.30351454843513
186,2404,24,04,MD,Glenn Ivey,Ivey,Democrat,218.98,Maryland,0.0589161523225812,2.0382955031042
187,2405,24,05,MD,Steny H. Hoyer,Hoyer,Democrat,1531.6,Maryland,0.41005767379329,16.9713184602452
188,2406,24,06,MD,David J. Trone,Trone,Democrat,2432.32,Maryland,0.659815614631043,8.71132229158885
189,2407,24,07,MD,Kweisi Mfume,Mfume,Democrat,131.16,Maryland,0.0354665799691247,3.19089634956699
190,2408,24,08,MD,Jamie Raskin,Raskin,Democrat,280.29,Maryland,0.0755900987787754,1.78743503446882
191,2501,25,01,MA,Richard E. Neal,Neal,Democrat,2292.9,Massachusetts,0.648177628750773,5.59227575248202
192,2502,25,02,MA,James P. McGovern,McGovern,Democrat,1863.68,Massachusetts,0.528030479562403,5.74130735177401
193,2503,25,03,MA,Lori Trahan,Trahan,Democrat,779.07,Massachusetts,0.22128552221784,3.66802036339796
194,2504,25,04,MA,Jake Auchincloss,Auchincloss,Democrat,700,Massachusetts,0.196938040849545,5.39845643934554
195,2505,25,05,MA,Katherine M. Clark,Clark,Democrat,228.69,Massachusetts,0.0647536992680671,2.53788151562507
196,2506,25,06,MA,Seth Moulton,Moulton,Democrat,549.03,Massachusetts,0.156075529932195,8.87883606905036
197,2507,25,07,MA,Ayanna Pressley,Pressley,Democrat,61.71,Massachusetts,0.0174482265676943,2.13526253349125
198,2508,25,08,MA,Stephen F. Lynch,Lynch,Democrat,300.34,Massachusetts,0.0847295351068169,5.09628818924874
199,2509,25,09,MA,William R. Keating,Keating,Democrat,1307.61,Massachusetts,0.366682441135481,24.606011771481
200,2601,26,01,MI,Jack Bergman,Bergman,Republican,27793.8,Michigan,8.32580127806841,64.2014134272186
201,2602,26,02,MI,John R. Moolenaar,Moolenaar,Republican,9908.97,Michigan,2.86132272890245,10.9312910756321
202,2603,26,03,MI,Hillary J. Scholten,Scholten,Democrat,819.41,Michigan,0.234353532402793,5.33410053553856
203,2604,26,04,MI,Bill Huizenga,Huizenga,Republican,2440.39,Michigan,0.691555904212237,6.04253739512858
204,2605,26,05,MI,Tim Walberg,Walberg,Republican,5357.2,Michigan,1.50758999953405,9.71857383307736
205,2606,26,06,MI,Debbie Dingell,Dingell,Democrat,998.55,Michigan,0.282123064736425,4.14237230003635
206,2607,26,07,MI,Elissa Slotkin,Slotkin,Democrat,2814.39,Michigan,0.801272518654514,4.43879544881278
207,2608,26,08,MI,Daniel T. Kildee,Kildee,Democrat,2265.86,Michigan,0.651688475606989,6.3447240687492
208,2609,26,09,MI,Lisa C. McClain,McClain,Republican,4688.94,Michigan,1.34691603708279,11.2189983261106
209,2610,26,10,MI,John James,James,Republican,229.23,Michigan,0.0651095027726569,2.23145965994978
210,2611,26,11,MI,Haley M. Stevens,Stevens,Democrat,336.1,Michigan,0.0954571181280244,1.71230164056504
211,2612,26,12,MI,Rashida Tlaib,Tlaib,Democrat,191.48,Michigan,0.0542173574897333,1.21141876688865
212,2613,26,13,MI,Shri Thanedar,Thanedar,Democrat,215.91,Michigan,0.0610636463241008,2.17350359691829
213,2701,27,01,MN,Brad Finstad,Finstad,Republican,12454.87,Minnesota,3.61402819926843,13.681347365831
214,2702,27,02,MN,Angie Craig,Craig,Democrat,1809.87,Minnesota,0.530899825510005,4.40363560791856
215,2703,27,03,MN,Dean Phillips,Phillips,Democrat,516.99,Minnesota,0.152874100645022,2.59455395352853
216,2704,27,04,MN,Betty McCollum,McCollum,Democrat,333.99,Minnesota,0.0987284911443567,1.54090828533236
217,2705,27,05,MN,Ilhan Omar,Omar,Democrat,137.19,Minnesota,0.0405395933735235,1.06678904496788
218,2706,27,06,MN,Tom Emmer,Emmer,Republican,2615.22,Minnesota,0.7770795472602,6.6949885303924
219,2707,27,07,MN,Michelle Fischbach,Fischbach,Republican,32025.05,Minnesota,9.67827608077368,26.8360434624437
220,2708,27,08,MN,Pete Stauber,Stauber,Republican,34487.51,Minnesota,10.6444485874172,25.2337306958256
221,2801,28,01,MS,Trent Kelly,Kelly,Republican,10094.66,Mississippi,2.5592586612604,9.22637315189666
222,2802,28,02,MS,Bennie G. Thompson,Thompson,Democrat,18404.1,Mississippi,4.59712483039948,21.2923636354583
223,2803,28,03,MS,Michael Guest,Guest,Republican,11823.03,Mississippi,2.92838834669783,12.2524535912046
224,2804,28,04,MS,Mike Ezell,Ezell,Republican,7336.7,Mississippi,1.79493409256702,16.2121989938291
225,2901,29,01,MO,Cori Bush,Bush,Democrat,258.53,Missouri,0.0693618785346644,1.67742321848389
226,2902,29,02,MO,Ann Wagner,Wagner,Republican,1821.37,Missouri,0.48738032813776,4.61401285798932
227,2903,29,03,MO,Blaine Luetkemeyer,Luetkemeyer,Republican,7697.95,Missouri,2.05812471845047,13.1129317454872
228,2904,29,04,MO,Mark Alford,Alford,Republican,14664.53,Missouri,3.90844881768453,12.9066027122979
229,2905,29,05,MO,Emanuel Cleaver,Cleaver,Democrat,431.41,Missouri,0.116231483456659,1.92496033753659
230,2906,29,06,MO,Sam Graves,Graves,Republican,20483.52,Missouri,5.58488618234242,15.9268010220184
231,2907,29,07,MO,Eric Burlison,Burlison,Republican,5864.92,Missouri,1.53623048005807,6.24398733098966
232,2908,29,08,MO,Jason Smith,Smith,Republican,18484.6,Missouri,4.85429666862365,15.3413097967492
233,3001,30,01,MT,Ryan K. Zinke,Zinke,Republican,40777.85,Montana,12.4816085747948,28.6674958198902
234,3002,30,02,MT,"Matthew M. Rosendale, Sr.",Rosendale,Republican,106265.44,Montana,32.5983004768036,30.275612830185
235,3101,31,01,NE,Mike Flood,Flood,Republican,6053.36,Nebraska,1.68759327257476,9.30125495225352
236,3102,31,02,NE,Don Bacon,Bacon,Republican,1249,Nebraska,0.347411862570652,3.41646768071164
237,3103,31,03,NE,Adrian Smith,Smith,Republican,70045.09,Nebraska,19.5788387098637,29.7042167499958
238,3201,32,01,NV,Dina Titus,Titus,Democrat,1018.89,Nevada,0.263285857259461,2.78500392560067
239,3202,32,02,NV,Mark E. Amodei,Amodei,Republican,65518.26,Nevada,18.0234079689226,20.1092457347115
240,3203,32,03,NV,Susie Lee,Lee,Democrat,2024.76,Nevada,0.522274901486526,5.10562913399635
241,3204,32,04,NV,Steven Horsford,Horsford,Democrat,42008.87,Nevada,11.1310494505424,16.9801402096329
242,3301,33,01,NH,Chris Pappas,Pappas,Democrat,2292.61,New Hampshire,0.659895440862556,9.23173931711346
243,3302,33,02,NH,Ann M. Kuster,Kuster,Democrat,6971.07,New Hampshire,2.01860196655502,12.548434116794
244,3401,34,01,NJ,Donald Norcross,Norcross,Democrat,373.68,New Jersey,0.10175323160729,2.36434956942988
245,3402,34,02,NJ,Jeff Van Drew,Drew,Republican,2034.04,New Jersey,0.551446715868224,40.4005393754714
246,3403,34,03,NJ,Andy Kim,Kim,Democrat,1099.31,New Jersey,0.300181055183202,4.59236202456835
247,3404,34,04,NJ,Christopher H. Smith,Smith,Republican,659.86,New Jersey,0.180446719453812,8.13615094718206
248,3405,34,05,NJ,Josh S. Gottheimer,Gottheimer,Democrat,672.12,New Jersey,0.186637534050305,3.42242137170731
249,3406,34,06,NJ,Frank Pallone Jr.,Pallone,Democrat,193.89,New Jersey,0.0533233386599932,5.55269807263945
250,3407,34,07,NJ,"Thomas H. Kean, Jr.",Kean,Republican,1377.42,New Jersey,0.38035324112866,5.15095066331712
251,3408,34,08,NJ,Robert Menendez,Menendez,Democrat,51.18,New Jersey,0.0141270050933144,2.34827007747922
252,3409,34,09,NJ,Bill Pascrell Jr.,Pascrell,Democrat,114.08,New Jersey,0.0315733141658256,2.34772270603363
253,3410,34,10,NJ,,,Vacant,77.89,New Jersey,0.0215038216472294,1.64123440451452
254,3411,34,11,NJ,Mikie Sherrill,Sherrill,Democrat,412.47,New Jersey,0.114126505268359,2.64768873886729
255,3412,34,12,NJ,Bonnie Watson Coleman,Coleman,Democrat,445.62,New Jersey,0.122419011498096,3.08877697541294
256,3501,35,01,NM,Melanie A. Stansbury,Stansbury,Democrat,17589.71,New Mexico,4.4602523079991,13.886196051469
257,3502,35,02,NM,Gabe Vasquez,Vasquez,Democrat,51553.8,New Mexico,12.9135212198382,23.5713869924435
258,3503,35,03,NM,Teresa Leger Fernandez,Fernandez,Democrat,52449.77,New Mexico,13.5197943279979,25.4781402417891
259,3601,36,01,NY,Nick LaLota,LaLota,Republican,636.68,New York,0.176284400765098,14.0326811978792
260,3602,36,02,NY,Andrew R. Garbarino,Garbarino,Republican,287.9,New York,0.0795279723315616,8.70547644460198
261,3603,36,03,NY,,,Vacant,176.48,New York,0.0487735271080965,2.2490993015363
262,3604,36,04,NY,Anthony D'Esposito,D'Esposito,Republican,115.54,New York,0.0318678987571275,4.80114916424217
263,3605,36,05,NY,Gregory W. Meeks,Meeks,Democrat,47.05,New York,0.012977131768821,1.75369687184701
264,3606,36,06,NY,Grace Meng,Meng,Democrat,25.9,New York,0.00715077538893638,0.673982004884474
265,3607,36,07,NY,Nydia M. Velázquez,Velázquez,Democrat,21.95,New York,0.00605960096186209,0.840099971665621
266,3608,36,08,NY,Hakeem S. Jeffries,Jeffries,Democrat,26.17,New York,0.00721364225228172,1.38475221415689
267,3609,36,09,NY,Yvette D. Clarke,Clarke,Democrat,15.16,New York,0.00418062375911177,0.368554384337823
268,3610,36,10,NY,Daniel S. Goldman,Goldman,Democrat,15.66,New York,0.00431960062837788,0.949403026470638
269,3611,36,11,NY,Nicole Malliotakis,Malliotakis,Republican,64.48,New York,0.0177629970783073,1.42032027033319
270,3612,36,12,NY,Jerrold Nadler,Nadler,Democrat,9.78,New York,0.00270098726559809,0.49685839345952
271,3613,36,13,NY,Adriano Espaillat,Espaillat,Democrat,11.14,New York,0.00308066344291547,0.563891587353316
272,3614,36,14,NY,Alexandria Ocasio-Cortez,Ocasio-Cortez,Democrat,29.53,New York,0.00816175132649732,1.66758076470009
273,3615,36,15,NY,Ritchie Torres,Torres,Democrat,18.75,New York,0.00518741606742879,0.5326844105263
274,3616,36,16,NY,Jamaal Bowman,Bowman,Democrat,125.53,New York,0.0347903665285685,1.71419938436151
275,3617,36,17,NY,Michael Lawler,Lawler,Republican,864.71,New York,0.240832887217266,3.9883047468397
276,3618,36,18,NY,Patrick Ryan,Ryan,Democrat,2050.43,New York,0.573783661166999,4.96111402202605
277,3619,36,19,NY,Marcus J. Molinaro,Molinaro,Republican,7989.62,New York,2.25628582149307,10.895045101208
278,3620,36,20,NY,Paul Tonko,Tonko,Democrat,1610.66,New York,0.459754453969254,3.84598118280488
279,3621,36,21,NY,Elise M. Stefanik,Stefanik,Republican,17063.8,New York,4.94745222879396,19.918514144324
280,3622,36,22,NY,Brandon Williams,Williams,Republican,2767.46,New York,0.792461749302902,5.00098876431708
281,3623,36,23,NY,Nicholas A. Langworthy,Langworthy,Republican,6463.26,New York,1.82800511575101,9.31082233434201
282,3624,36,24,NY,Claudia Tenney,Tenney,Republican,6780.9,New York,1.94213203864092,18.9603404440454
283,3625,36,25,NY,Joseph D. Morelle,Morelle,Democrat,852.07,New York,0.244331951984122,3.83081875742783
284,3626,36,26,NY,Timothy M. Kennedy,Kennedy,Democrat,448.18,New York,0.128326075940777,3.15881364729915
285,3701,37,01,NC,Donald G. Davis,Davis,Democrat,7963.52,North Carolina,2.06328433565886,16.3614458640288
286,3702,37,02,NC,Deborah K. Ross,Ross,Democrat,507.43,North Carolina,0.131161006765069,2.29204079627077
287,3703,37,03,NC,Gregory F. Murphy,Murphy,Republican,7790.76,North Carolina,1.99814535740916,76.3336158297249
288,3704,37,04,NC,Valerie P. Foushee,Foushee,Democrat,2088.28,North Carolina,0.541862479781685,3.8760416856822
289,3705,37,05,NC,Virginia Foxx,Foxx,Republican,4561.69,North Carolina,1.18426557902922,8.30508009951861
290,3706,37,06,NC,Kathy E. Manning,Manning,Democrat,1744.27,North Carolina,0.453033211042339,3.75666299671861
291,3707,37,07,NC,David Rouzer,Rouzer,Republican,5205.47,North Carolina,1.32297691373287,19.0657982427172
292,3708,37,08,NC,Dan Bishop,Bishop,Republican,3747.37,North Carolina,0.961894057614018,6.12986136957139
293,3709,37,09,NC,Richard Hudson,Hudson,Republican,3679.49,North Carolina,0.945462807383592,6.30662586437389
294,3710,37,10,NC,Patrick T. McHenry,McHenry,Republican,2999.47,North Carolina,0.772889201242151,5.37161583768284
295,3711,37,11,NC,Chuck Edwards,Edwards,Republican,6228.27,North Carolina,1.60131077162987,8.20928073428637
296,3712,37,12,NC,Alma S. Adams,Adams,Democrat,460.27,North Carolina,0.118204793503082,2.02756069821068
297,3713,37,13,NC,Wiley Nickel,Nickel,Democrat,1849.91,North Carolina,0.475952232361124,4.55780987948655
298,3714,37,14,NC,Jeff Jackson,Jackson,Democrat,491.38,North Carolina,0.125984778601378,2.60113536908278
299,3800,38,00,ND,Kelly Armstrong,Armstrong,Republican,70698.83,North Dakota,21.8398590456554,25.1848717999995
300,3901,39,01,OH,Greg Landsman,Landsman,Democrat,611.08,Ohio,0.165355911212373,2.94048596769552
301,3902,39,02,OH,Brad R. Wenstrup,Wenstrup,Republican,7441.92,Ohio,2.00714112814012,9.17275886652066
302,3903,39,03,OH,Joyce Beatty,Beatty,Democrat,221.1,Ohio,0.0604258768025829,1.24846276356313
303,3904,39,04,OH,Jim Jordan,Jordan,Republican,4921.25,Ohio,1.35481538047657,7.60885056923958
304,3905,39,05,OH,Robert E. Latta,Latta,Republican,5562.34,Ohio,1.54300652151142,10.1553107884129
305,3906,39,06,OH,,,Vacant,4842.41,Ohio,1.32766137797967,8.77881951491378
306,3907,39,07,OH,Max L. Miller,Miller,Republican,1325.78,Ohio,0.367535545131204,4.53046378652037
307,3908,39,08,OH,Warren Davidson,Davidson,Republican,1804.96,Ohio,0.491277585534363,4.52087717366049
308,3909,39,09,OH,Marcy Kaptur,Kaptur,Democrat,2611.79,Ohio,0.72927061056248,13.0211047659739
309,3910,39,10,OH,Michael R. Turner,Turner,Republican,996.6,Ohio,0.271227457425994,2.88737795134238
310,3911,39,11,OH,Shontel M. Brown,Brown,Democrat,216.54,Ohio,0.0604623762424126,2.21248911160746
311,3912,39,12,OH,Troy Balderson,Balderson,Republican,5633.3,Ohio,1.53905894770014,8.06773382728479
312,3913,39,13,OH,Emilia Strong Sykes,Sykes,Democrat,630.99,Ohio,0.175003090332439,2.777315101789
313,3914,39,14,OH,David P. Joyce,Joyce,Republican,2484.39,Ohio,0.693506592208905,4.32450406245765
314,3915,39,15,OH,Mike Carey,Carey,Republican,1943.17,Ohio,0.53013655167274,6.87147725404812
315,4001,40,01,OK,Kevin Hern,Hern,Republican,1103.44,Oklahoma,0.285867228134975,3.37076515885236
316,4002,40,02,OK,Josh Brecheen,Brecheen,Republican,22414.44,Oklahoma,5.74629445448863,16.1122733334745
317,4003,40,03,OK,Frank D. Lucas,Lucas,Republican,32906.98,Oklahoma,8.53426727824649,22.1728656078368
318,4004,40,04,OK,Tom Cole,Cole,Republican,9890.09,Oklahoma,2.51658590076545,11.241232445499
319,4005,40,05,OK,Stephanie I. Bice,Bice,Republican,3584.2,Oklahoma,0.922063379441852,5.7668958685413
320,4101,41,01,OR,Suzanne Bonamici,Bonamici,Democrat,3366.79,Oregon,1.00765066740905,13.1332615586245
321,4102,41,02,OR,Cliff Bentz,Bentz,Republican,72876.85,Oregon,21.1076889159426,26.214318568272
322,4103,41,03,OR,Earl Blumenauer,Blumenauer,Democrat,1405.96,Oregon,0.418867698161648,5.25434413264974
323,4104,41,04,OR,Val T. Hoyle,Hoyle,Democrat,11718.97,Oregon,3.38627817543011,21.2055729357905
324,4105,41,05,OR,Lori Chavez-DeRemer,Chavez-DeRemer,Republican,5630.41,Oregon,1.65339184696177,10.2608601384934
325,4106,41,06,OR,Andrea Salinas,Salinas,Democrat,1906.83,Oregon,0.564254226547291,4.45230988071201
326,4201,42,01,PA,Brian K. Fitzpatrick,Fitzpatrick,Republican,716.62,Pennsylvania,0.196700353917095,2.62869043630265
327,4202,42,02,PA,Brendan F. Boyle,Boyle,Democrat,64.41,Pennsylvania,0.0176049681740551,0.952514277522456
328,4203,42,03,PA,Dwight Evans,Evans,Democrat,53.55,Pennsylvania,0.0146292310009812,1.06480090383746
329,4204,42,04,PA,Madeleine Dean,Dean,Democrat,733.56,Pennsylvania,0.201293543718066,3.94920908181176
330,4205,42,05,PA,Mary Gay Scanlon,Scanlon,Democrat,231.28,Pennsylvania,0.0631162476888676,2.34982047141005
331,4206,42,06,PA,Chrissy Houlahan,Houlahan,Democrat,935.75,Pennsylvania,0.255711774164865,3.40376644726348
332,4207,42,07,PA,Susan Wild,Wild,Democrat,1184.47,Pennsylvania,0.327233428367663,3.20747209466707
333,4208,42,08,PA,Matt Cartwright,Cartwright,Democrat,2840.24,Pennsylvania,0.791547533376161,6.03839432361528
334,4209,42,09,PA,Daniel Meuser,Meuser,Republican,6153.51,Pennsylvania,1.71217020434597,9.0120748429313
335,4210,42,10,PA,Scott Perry,Perry,Republican,1294.24,Pennsylvania,0.35478764129698,4.10605595278994
336,4211,42,11,PA,Lloyd Smucker,Smucker,Republican,1545.09,Pennsylvania,0.421861124813404,3.91487653235166
337,4212,42,12,PA,Summer L. Lee,Lee,Democrat,433.75,Pennsylvania,0.119103014844313,2.96109790944667
338,4213,42,13,PA,John Joyce,Joyce,Republican,6403.52,Pennsylvania,1.75527690629042,7.90238638451438
339,4214,42,14,PA,Guy Reschenthaler,Reschenthaler,Republican,4808.89,Pennsylvania,1.31606154453948,7.52459014840566
340,4215,42,15,PA,Glenn Thompson,Thompson,Republican,13083.15,Pennsylvania,3.64581503091199,10.759495139199
341,4216,42,16,PA,Mike Kelly,Kelly,Republican,3894.88,Pennsylvania,1.08692511565891,6.31188702612883
342,4217,42,17,PA,Christopher R. Deluzio,Deluzio,Democrat,909.08,Pennsylvania,0.250514875130648,3.52214316953146
343,4401,44,01,RI,Gabe Amo,Amo,Democrat,278,Rhode Island,0.0779549471781138,6.33469747548114
344,4402,44,02,RI,Seth Magaziner,Magaziner,Democrat,795.82,Rhode Island,0.222777983149399,6.57768300887944
345,4501,45,01,SC,Nancy Mace,Mace,Republican,2726.13,South Carolina,0.680491779046179,49.0119032309928
346,4502,45,02,SC,Joe Wilson,Wilson,Republican,3201.27,South Carolina,0.805776911841122,7.91951938407861
347,4503,45,03,SC,Jeff Duncan,Duncan,Republican,5845.86,South Carolina,1.48358510049479,7.40529875702639
348,4504,45,04,SC,William R. Timmons IV,Timmons ,Republican,1249.08,South Carolina,0.319170454064306,4.15725753879029
349,4505,45,05,SC,Ralph Norman,Norman,Republican,5252.15,South Carolina,1.33633111502058,8.64915060413989
350,4506,45,06,SC,James E. Clyburn,Clyburn,Democrat,7078.83,South Carolina,1.77387991037381,21.3065663419083
351,4507,45,07,SC,Russell Fry,Fry,Republican,5455.75,South Carolina,1.38093433612289,17.4876499170372
352,4600,46,00,SD,Dusty Johnson,Johnson,Republican,77115.91,South Dakota,22.5785077958276,23.87903101596
353,4701,47,01,TN,Diana Harshbarger,Harshbarger,Republican,4465.97,Tennessee,1.1591557296374,7.5646064158852
354,4702,47,02,TN,Tim Burchett,Burchett,Republican,2684.87,Tennessee,0.695992073901834,7.36867459410259
355,4703,47,03,TN,Charles J. “Chuck” Fleischmann,Fleischmann,Republican,4066.61,Tennessee,1.04776195961608,9.36403550141631
356,4704,47,04,TN,Scott DesJarlais,DesJarlais,Republican,6567.63,Tennessee,1.68767831725586,10.6290984694184
357,4705,47,05,TN,Andrew Ogles,Ogles,Republican,2077.33,Tennessee,0.536023925530571,7.23014913628743
358,4706,47,06,TN,John W. Rose,Rose,Republican,6044.5,Tennessee,1.56917044800389,9.19216907523062
359,4707,47,07,TN,Mark E. Green,Green,Republican,6034.43,Tennessee,1.56255658234545,8.66865847999416
360,4708,47,08,TN,David Kustoff,Kustoff,Republican,9379.39,Tennessee,2.41986602583256,10.5239423306475
361,4709,47,09,TN,Steve Cohen,Cohen,Democrat,808.65,Tennessee,0.207501934555012,4.74687587282598
362,4801,48,01,TX,Nathaniel Moran,Moran,Republican,9868.87,Texas,2.45260248329168,14.0045258551463
363,4802,48,02,TX,Daniel Crenshaw,Crenshaw,Republican,656.66,Texas,0.159162806323366,3.43750122115785
364,4803,48,03,TX,Keith Self,Self,Republican,1496,Texas,0.37455503934666,3.79871356818693
365,4804,48,04,TX,Pat Fallon,Fallon,Republican,5432.06,Texas,1.36463329460184,15.129161885533
366,4805,48,05,TX,Lance Gooden,Gooden,Republican,3784.83,Texas,0.941180384816334,9.08905330514882
367,4806,48,06,TX,Jake Ellzey,Ellzey,Republican,6019.72,Texas,1.48812350657886,11.2565527209439
368,4807,48,07,TX,Lizzie Fletcher,Fletcher,Democrat,132.81,Texas,0.0320589892235148,2.1082849191242
369,4808,48,08,TX,Morgan Luttrell,Luttrell,Republican,3000.68,Texas,0.730702336675449,6.37412163589697
370,4809,48,09,TX,Al Green,Green,Democrat,220.01,Texas,0.0530702903772635,2.03558492028026
371,4810,48,10,TX,Michael T. McCaul,McCaul,Republican,7799.62,Texas,1.89275636073717,11.3886697349704
372,4811,48,11,TX,August Pfluger,Pfluger,Republican,19344.62,Texas,4.75090306639368,14.4523679367365
373,4812,48,12,TX,Kay Granger,Granger,Republican,994.86,Texas,0.248120633379358,3.92147763609199
374,4813,48,13,TX,Ronny Jackson,Jackson,Republican,35360.95,Texas,9.03670863286266,20.3852396390944
375,4814,48,14,TX,Randy K. Weber Sr.,Weber,Republican,2603.61,Texas,0.62738641754936,26.6597322257478
376,4815,48,15,TX,Monica De La Cruz,De La Cruz,Republican,6295.23,Texas,1.49567713018337,12.8046213638266
377,4816,48,16,TX,Veronica Escobar,Escobar,Democrat,316.37,Texas,0.0780442718448739,2.07834219313827
378,4817,48,17,TX,Pete Sessions,Sessions,Republican,10661.59,Texas,2.6147211075247,15.6960375723188
379,4818,48,18,TX,Sheila Jackson Lee,Lee,Democrat,232.11,Texas,0.0561474681462641,3.22556683680911
380,4819,48,19,TX,Jodey C. Arrington,Arrington,Republican,30260.53,Texas,7.5784382796196,13.5683007950895
381,4820,48,20,TX,Joaquin Castro,Castro,Democrat,179.98,Texas,0.043350604867328,2.06813685235436
382,4821,48,21,TX,Chip Roy,Roy,Republican,6332.91,Texas,1.53387109258688,8.10732712091065
383,4822,48,22,TX,Troy Nehls,Nehls,Republican,3219.49,Texas,0.773625105155133,17.4985681948724
384,4823,48,23,TX,Tony Gonzales,Gonzales,Republican,58961.35,Texas,14.3331554353642,30.6423103367248
385,4824,48,24,TX,Beth Van Duyne,Van Duyne,Republican,277.05,Texas,0.0691631719037105,2.8068891620242
386,4825,48,25,TX,Roger Williams,Williams,Republican,9135.56,Texas,2.2719439740456,10.5863531962634
387,4826,48,26,TX,Michael C. Burgess,Burgess,Republican,2057.35,Texas,0.516231930968388,6.59886862102144
388,4827,48,27,TX,Michael Cloud,Cloud,Republican,10541.76,Texas,2.52383771790323,33.4266784875179
389,4828,48,28,TX,Henry Cuellar,Cuellar,Democrat,11469.85,Texas,2.71903510989591,12.7080971899143
390,4829,48,29,TX,Sylvia R. Garcia,Garcia,Democrat,207.63,Texas,0.0501831581516399,3.11220583959025
391,4830,48,30,TX,Jasmine Crockett,Crockett,Democrat,369.77,Texas,0.0920482713277124,2.48545946822029
392,4831,48,31,TX,John R. Carter,Carter,Republican,5712.96,Texas,1.40116006605649,9.51356472099879
393,4832,48,32,TX,Colin Z. Allred,Allred,Democrat,151.2,Texas,0.0377342164683796,2.51296184803211
394,4833,48,33,TX,Marc A. Veasey,Veasey,Democrat,225.63,Texas,0.0562394527346441,4.36093340031335
395,4834,48,34,TX,Vicente Gonzalez,Gonzalez,Democrat,4180.09,Texas,0.982228067525284,33.6352278075573
396,4835,48,35,TX,Greg Casar,Casar,Democrat,527.47,Texas,0.12774355916531,4.55404153689707
397,4836,48,36,TX,Brian Babin,Babin,Republican,6057.86,Texas,1.47284120849986,13.9456699910927
398,4837,48,37,TX,Lloyd Doggett,Doggett,Democrat,227.02,Texas,0.055148468778043,2.11942340696887
399,4838,48,38,TX,Wesley Hunt,Hunt,Republican,310.42,Texas,0.0751298210066125,2.76106090102236
400,4901,49,01,UT,Blake Moore,Moore,Republican,11356.28,Utah,3.16987090283419,9.5746458534449
401,4902,49,02,UT,Celeste Maloy,Maloy,Republican,40040.32,Utah,10.7467290858422,19.0238840173389
402,4903,49,03,UT,John R. Curtis,Curtis,Republican,28960.44,Utah,7.82224632339421,19.1665339901041
403,4904,49,04,UT,Burgess Owens,Owens,Republican,4541.08,Utah,1.2361114259852,7.44055097027027
404,5000,50,00,VT,Becca Balint,Balint,Democrat,9615.23,Vermont,2.7980706906726,9.83154417611965
405,5101,51,01,VA,Robert J. Wittman,Wittman,Republican,3091.34,Virginia,0.817740650652922,38.8789920033519
406,5102,51,02,VA,Jennifer A. Kiggans,Kiggans,Republican,2168.69,Virginia,0.568741391912681,37.8874332730807
407,5103,51,03,VA,Robert C. “Bobby” Scott,Scott,Democrat,255.96,Virginia,0.0670753004994822,8.48984480285863
408,5104,51,04,VA,Jennifer McClellan,McClellan,Democrat,3465.09,Virginia,0.908548286555288,9.32180560314077
409,5105,51,05,VA,Bob Good,Good,Republican,9609.96,Virginia,2.53037135668251,9.60297946314264
410,5106,51,06,VA,Ben Cline,Cline,Republican,6305.97,Virginia,1.68160134049094,10.2324268015448
411,5107,51,07,VA,Abigail Davis Spanberger,Spanberger,Democrat,2760.51,Virginia,0.736217987809596,8.72882292264113
412,5108,51,08,VA,"Donald S. Beyer, Jr.",Beyer,Democrat,148.66,Virginia,0.0399293567095356,1.99307872666925
413,5109,51,09,VA,H. Morgan Griffith,Griffith,Republican,10162.67,Virginia,2.66351657072141,13.8985572135273
414,5110,51,10,VA,Jennifer Wexton,Wexton,Democrat,1705.79,Virginia,0.458400345073187,4.53857808546258
415,5111,51,11,VA,Gerald E. Connolly,Connolly,Democrat,254.3,Virginia,0.0683626219613416,1.810173465559
416,5301,53,01,WA,Suzan K. DelBene,DelBene,Democrat,338.47,Washington,0.10541249380276,3.61044746662465
417,5302,53,02,WA,Rick Larsen,Larsen,Democrat,4486.83,Washington,1.41741440368378,25.5815792218997
418,5303,53,03,WA,Marie Gluesenkamp Perez,Perez,Democrat,7398.4,Washington,2.23840973997221,16.0802688479751
419,5304,53,04,WA,Dan Newhouse,Newhouse,Republican,18189.99,Washington,5.59880877437899,17.9297564596868
420,5305,53,05,WA,Cathy McMorris Rodgers,Rodgers,Republican,18983.87,Washington,5.86449426245917,11.8558129950317
421,5306,53,06,WA,Derek Kilmer,Kilmer,Democrat,7039.46,Washington,2.18023366046646,25.7328788812386
422,5307,53,07,WA,Pramila Jayapal,Jayapal,Democrat,137.76,Washington,0.0426501714368897,3.07309115907904
423,5308,53,08,WA,Kim Schrier ,Schrier ,Democrat,9995.96,Washington,3.09352772875354,12.6803270982514
424,5309,53,09,WA,Adam Smith,Smith,Democrat,185.36,Washington,0.0572415244723743,2.46609740791759
425,5310,53,10,WA,Marilyn Strickland,Strickland,Democrat,720.77,Washington,0.220944022132244,5.96758272913048
426,5401,54,01,WV,Carol D. Miller,Miller,Republican,14450.08,West Virginia,3.84964643325407,14.0976402656808
427,5402,54,02,WV,Alexander X. Mooney,Mooney,Republican,9779.96,West Virginia,2.64422695019425,16.0717768780304
428,5501,55,01,WI,Bryan Steil,Steil,Republican,1571.94,Wisconsin,0.447147627080312,5.10420815929696
429,5502,55,02,WI,Mark Pocan,Pocan,Democrat,4368.27,Wisconsin,1.24831865245687,6.36983644857148
430,5503,55,03,WI,Derrick Van Orden,Van Orden,Republican,11544.2,Wisconsin,3.35815745739524,15.5572217151895
431,5504,55,04,WI,Gwen Moore,Moore,Democrat,140.53,Wisconsin,0.0402281517897336,1.7146554210399
432,5505,55,05,WI,Scott Fitzgerald,Fitzgerald,Republican,2219.22,Wisconsin,0.636205641249944,4.67609132887982
433,5506,55,06,WI,Glenn Grothman,Grothman,Republican,5352.74,Wisconsin,1.55063592289798,9.74515515573513
434,5507,55,07,WI,Thomas P. Tiffany,Tiffany,Republican,24050.83,Wisconsin,7.18245092223947,25.0857677217519
435,5508,55,08,WI,,,Vacant,6846.86,Wisconsin,2.01790177504336,15.2982133389711
436,5600,56,00,WY,Harriet M. Hageman,Hageman,Republican,97809.83,Wyoming,27.9708582237527,21.9993274676784
